-- phpMyAdmin SQL Dump
-- version 5.2.0
-- https://www.phpmyadmin.net/
--
-- Host: 127.0.0.1
-- Generation Time: Jul 10, 2022 at 05:09 AM
-- Server version: 10.4.24-MariaDB
-- PHP Version: 8.1.6

SET SQL_MODE = "NO_AUTO_VALUE_ON_ZERO";
START TRANSACTION;
SET time_zone = "+00:00";


/*!40101 SET @OLD_CHARACTER_SET_CLIENT=@@CHARACTER_SET_CLIENT */;
/*!40101 SET @OLD_CHARACTER_SET_RESULTS=@@CHARACTER_SET_RESULTS */;
/*!40101 SET @OLD_COLLATION_CONNECTION=@@COLLATION_CONNECTION */;
/*!40101 SET NAMES utf8mb4 */;

--
-- Database: `db_toko`
--

-- --------------------------------------------------------

--
-- Table structure for table `db_user`
--

CREATE TABLE `db_user` (
  `id` int(50) NOT NULL,
  `username` varchar(50) NOT NULL,
  `password` varchar(255) NOT NULL
) ENGINE=InnoDB DEFAULT CHARSET=latin1;

--
-- Dumping data for table `db_user`
--

INSERT INTO `db_user` (`id`, `username`, `password`) VALUES
(1, 'admin', '123'),
(2, 'user', '123');

-- --------------------------------------------------------

--
-- Table structure for table `tbl_detail_order`
--

CREATE TABLE `tbl_detail_order` (
  `id` int(10) UNSIGNED NOT NULL,
  `order_id` int(10) DEFAULT NULL,
  `produk` int(10) DEFAULT NULL,
  `qty` int(10) DEFAULT NULL,
  `harga` varchar(20) DEFAULT NULL
) ENGINE=InnoDB DEFAULT CHARSET=latin1;

--
-- Dumping data for table `tbl_detail_order`
--

INSERT INTO `tbl_detail_order` (`id`, `order_id`, `produk`, `qty`, `harga`) VALUES
(1, 1, 1, 1, '13879000'),
(2, 1, 7, 1, '685000'),
(3, 1, 5, 1, '549000');

-- --------------------------------------------------------

--
-- Table structure for table `tbl_kategori`
--

CREATE TABLE `tbl_kategori` (
  `id` int(10) UNSIGNED NOT NULL,
  `nama_kategori` varchar(30) DEFAULT NULL
) ENGINE=InnoDB DEFAULT CHARSET=latin1;

--
-- Dumping data for table `tbl_kategori`
--

INSERT INTO `tbl_kategori` (`id`, `nama_kategori`) VALUES
(1, 'Laptop'),
(2, 'Keyboard'),
(3, 'Mouse');

-- --------------------------------------------------------

--
-- Table structure for table `tbl_order`
--

CREATE TABLE `tbl_order` (
  `id` int(10) NOT NULL,
  `tanggal` date DEFAULT NULL,
  `pelanggan` int(10) DEFAULT NULL
) ENGINE=InnoDB DEFAULT CHARSET=latin1;

--
-- Dumping data for table `tbl_order`
--

INSERT INTO `tbl_order` (`id`, `tanggal`, `pelanggan`) VALUES
(1, '2022-07-08', 1),
(2, '2022-07-08', 2);

-- --------------------------------------------------------

--
-- Table structure for table `tbl_pelanggan`
--

CREATE TABLE `tbl_pelanggan` (
  `id` int(10) UNSIGNED NOT NULL,
  `nama` varchar(50) DEFAULT NULL,
  `email` varchar(50) DEFAULT NULL,
  `alamat` varchar(50) DEFAULT NULL,
  `telp` varchar(20) DEFAULT NULL
) ENGINE=InnoDB DEFAULT CHARSET=latin1;

--
-- Dumping data for table `tbl_pelanggan`
--

INSERT INTO `tbl_pelanggan` (`id`, `nama`, `email`, `alamat`, `telp`) VALUES
(1, 'admin123', 'admin@gmail.com', 'Jl.Kenangan bersamamu', '08123456789'),
(2, 'admin123', 'admin@gmail.com', 'Jl.Kenangan bersamamu', '08123456789');

-- --------------------------------------------------------

--
-- Table structure for table `tbl_produk`
--

CREATE TABLE `tbl_produk` (
  `id_produk` int(10) UNSIGNED NOT NULL,
  `nama_produk` varchar(50) DEFAULT NULL,
  `deskripsi` varchar(50) DEFAULT NULL,
  `harga` varchar(10) DEFAULT NULL,
  `gambar` varchar(50) DEFAULT NULL,
  `kategori` int(10) DEFAULT NULL
) ENGINE=InnoDB DEFAULT CHARSET=latin1;

--
-- Dumping data for table `tbl_produk`
--

INSERT INTO `tbl_produk` (`id_produk`, `nama_produk`, `deskripsi`, `harga`, `gambar`, `kategori`) VALUES
(1, 'ASUS TUF Gaming A15 ', 'Lorem ipsum dolor sit amet, consectetur adipisicin', '13879000', 'laptop1.jpg', 1),
(2, 'ASUS ROG Zephyrus G14', 'Lorem ipsum dolor sit amet, consectetur adipisicin', '19799000', 'laptop2.jpg', 1),
(3, 'ASUS ROG Zephyrus Duo', 'Lorem ipsum dolor sit amet, consectetur adipisicin', '68000000', 'laptop3.jpg', 1),
(4, 'ROVER84 84-key Wireless', 'Lorem ipsum dolor sit amet, consectetur adipisicin', '949000', 'keyboard1.jpg', 2),
(5, 'Rexus Daxa M71 Classic ', 'Lorem ipsum dolor sit amet, consectetur adipisicin', '549000', 'keyboard2.jpg', 2),
(6, 'Keychron K12 60% GATERON', 'Lorem ipsum dolor sit amet, consectetur adipisicin', '1399000', 'keyboard3.jpg', 2),
(7, 'Rexus Daxa Air 4', 'Lorem ipsum dolor sit amet, consectetur adipisicin', '685000', 'mouse1.jpg', 3),
(8, 'HyperX Pulsefire Haste', 'Lorem ipsum dolor sit amet, consectetur adipisicin', '699000', 'mouse2.jpg', 3),
(9, 'Logitech G502 HERO', 'Lorem ipsum dolor sit amet, consectetur adipisicin', '659000', 'mouse3.jpg', 3);

--
-- Indexes for dumped tables
--

--
-- Indexes for table `db_user`
--
ALTER TABLE `db_user`
  ADD PRIMARY KEY (`id`);

--
-- Indexes for table `tbl_detail_order`
--
ALTER TABLE `tbl_detail_order`
  ADD PRIMARY KEY (`id`);

--
-- Indexes for table `tbl_kategori`
--
ALTER TABLE `tbl_kategori`
  ADD PRIMARY KEY (`id`);

--
-- Indexes for table `tbl_order`
--
ALTER TABLE `tbl_order`
  ADD PRIMARY KEY (`id`);

--
-- Indexes for table `tbl_pelanggan`
--
ALTER TABLE `tbl_pelanggan`
  ADD PRIMARY KEY (`id`);

--
-- Indexes for table `tbl_produk`
--
ALTER TABLE `tbl_produk`
  ADD PRIMARY KEY (`id_produk`);

--
-- AUTO_INCREMENT for dumped tables
--

--
-- AUTO_INCREMENT for table `db_user`
--
ALTER TABLE `db_user`
  MODIFY `id` int(50) NOT NULL AUTO_INCREMENT, AUTO_INCREMENT=3;

--
-- AUTO_INCREMENT for table `tbl_detail_order`
--
ALTER TABLE `tbl_detail_order`
  MODIFY `id` int(10) UNSIGNED NOT NULL AUTO_INCREMENT, AUTO_INCREMENT=4;

--
-- AUTO_INCREMENT for table `tbl_kategori`
--
ALTER TABLE `tbl_kategori`
  MODIFY `id` int(10) UNSIGNED NOT NULL AUTO_INCREMENT, AUTO_INCREMENT=4;

--
-- AUTO_INCREMENT for table `tbl_order`
--
ALTER TABLE `tbl_order`
  MODIFY `id` int(10) NOT NULL AUTO_INCREMENT, AUTO_INCREMENT=3;

--
-- AUTO_INCREMENT for table `tbl_pelanggan`
--
ALTER TABLE `tbl_pelanggan`
  MODIFY `id` int(10) UNSIGNED NOT NULL AUTO_INCREMENT, AUTO_INCREMENT=3;

--
-- AUTO_INCREMENT for table `tbl_produk`
--
ALTER TABLE `tbl_produk`
  MODIFY `id_produk` int(10) UNSIGNED NOT NULL AUTO_INCREMENT, AUTO_INCREMENT=10;
COMMIT;

/*!40101 SET CHARACTER_SET_CLIENT=@OLD_CHARACTER_SET_CLIENT */;
/*!40101 SET CHARACTER_SET_RESULTS=@OLD_CHARACTER_SET_RESULTS */;
/*!40101 SET COLLATION_CONNECTION=@OLD_COLLATION_CONNECTION */;
